{"cameraMode":{"drawMode":0,"name":"Shaded","section":"Shading Mode"},"sceneLighting":true,"audioPlay":false,"sceneViewState":{"showFog":true,"showMaterialUpdate":false,"showSkybox":true,"showFlares":true,"showImageEffects":true,"showParticleSystems":true},"in2DMode":false,"pivot":{"x":-0.24626922607421876,"y":-2.32421875,"z":-1.415771484375},"rotation":{"x":0.7185688018798828,"y":-0.012518158182501793,"z":0.012933259829878807,"w":0.6952366232872009},"size":28.093177795410158,"orthographic":true}