{"cameraMode":{"drawMode":0,"name":"Shaded","section":"Shading Mode"},"sceneLighting":true,"audioPlay":false,"sceneViewState":{"showFog":true,"showMaterialUpdate":false,"showSkybox":true,"showFlares":true,"showImageEffects":true,"showParticleSystems":true},"in2DMode":false,"pivot":{"x":9.454936981201172,"y":-0.39453125,"z":-1.44921875},"rotation":{"x":0.7668361067771912,"y":-0.0019254625076428056,"z":0.0023005418479442598,"w":0.6418413519859314},"size":79.46267700195313,"orthographic":true}