{"cameraMode":{"drawMode":0,"name":"Shaded","section":"Shading Mode"},"sceneLighting":true,"audioPlay":false,"sceneViewState":{"showFog":true,"showMaterialUpdate":false,"showSkybox":true,"showFlares":true,"showImageEffects":true,"showParticleSystems":true},"in2DMode":false,"pivot":{"x":4.513278961181641,"y":-2.039933204650879,"z":62.32529067993164},"rotation":{"x":-0.4365541636943817,"y":0.012682996690273285,"z":-0.006153533700853586,"w":-0.8995751142501831},"size":22.0,"orthographic":false}