{"cameraMode":{"drawMode":0,"name":"Shaded","section":"Shading Mode"},"sceneLighting":true,"audioPlay":false,"sceneViewState":{"showFog":true,"showMaterialUpdate":false,"showSkybox":true,"showFlares":true,"showImageEffects":true,"showParticleSystems":true},"in2DMode":false,"pivot":{"x":6.514731407165527,"y":0.08517837524414063,"z":-0.8894140720367432},"rotation":{"x":0.7319238781929016,"y":-0.0153268501162529,"z":0.016470326110720636,"w":0.6810370683670044},"size":25.274126052856447,"orthographic":false}